code,iso,country,CXN.raw.1970,CXN.raw.1975,CXN.raw.1980,CXN.raw.1985,CXN.raw.1989,CXN.raw.1990,CXN.raw.1991,CXN.raw.1992,CXN.raw.1993,CXN.raw.1994,CXN.raw.1995,CXN.raw.1996,CXN.raw.1997,CXN.raw.1998,CXN.raw.1999,CXN.raw.2000,CXN.raw.2001,CXN.raw.2002,CXN.raw.2003,CXN.raw.2004,CXN.raw.2005,CXN.raw.2006,CXN.raw.2007,CXN.raw.2008,CXN.raw.2009,CXN.raw.2010,CXN.raw.2011,CXN.raw.2012,CXN.raw.2013,CXN.raw.2014,CXN.raw.2015,CXN.raw.2016,CXN.raw.2017,CXN.raw.2018,CXN.raw.2019
4,AFG,Afghanistan,NA,NA,NA,NA,NA,NA,NA,NA,NA,NA,NA,NA,NA,NA,NA,NA,NA,NA,NA,NA,NA,NA,NA,NA,NA,NA,0.08,NA,NA,NA,NA,NA,NA,NA,NA
8,ALB,Albania,NA,NA,NA,NA,NA,NA,NA,NA,NA,NA,NA,NA,NA,NA,NA,NA,NA,NA,NA,NA,0.008,0.008,0.056,0.073,0.073,NA,NA,0.22,NA,0.21,0.19,0.16,0.17,NA,NA
12,DZA,Algeria,NA,NA,NA,NA,NA,NA,NA,NA,NA,NA,NA,NA,NA,NA,NA,0.3,0.3,0.32,0.32,0.39,0.39,0.45,0.48,0.53,0.56,0.6,0.61,0.65,0.65,0.65,0.65,0.68,0.72,NA,NA
20,AND,Andorra,NA,NA,NA,NA,NA,NA,NA,NA,NA,NA,NA,NA,NA,NA,0.037,0.036,0.035,0.171,0.196,0.311,0.477,0.864,0.98,0.98,0.98,0.98,1,1,1,1,1,NA,NA,NA,NA
24,AGO,Angola,NA,NA,NA,NA,NA,NA,NA,NA,NA,NA,NA,NA,NA,NA,NA,NA,NA,NA,NA,NA,NA,NA,NA,NA,NA,NA,0.178,NA,NA,NA,NA,NA,NA,NA,NA
660,AIA,Anguilla,NA,NA,NA,NA,NA,NA,NA,NA,NA,NA,NA,NA,NA,NA,NA,NA,NA,NA,NA,NA,NA,NA,NA,NA,NA,NA,NA,NA,NA,NA,NA,NA,NA,NA,NA
28,ATG,Antigua and Barbuda,NA,NA,NA,NA,NA,NA,NA,NA,NA,NA,NA,NA,NA,NA,NA,NA,NA,NA,NA,NA,NA,NA,NA,NA,NA,NA,NA,NA,NA,NA,NA,NA,NA,NA,NA
32,ARG,Argentina,NA,NA,NA,NA,NA,NA,NA,NA,NA,NA,NA,NA,NA,NA,NA,NA,0.425,NA,NA,NA,NA,NA,NA,NA,NA,0.502,NA,NA,NA,NA,NA,NA,NA,NA,NA
51,ARM,Armenia,NA,NA,NA,NA,NA,0.639,NA,NA,NA,NA,0.33,0.33,0.332,0.332,0.334,0.334,0.333,0.315,0.323,0.332,0.352,0.359,0.365,0.365,0.38,0.382,0.386,0.378,0.371,0.371,0.38,0.381,0.383,NA,NA
533,ABW,Aruba,NA,NA,NA,NA,NA,NA,NA,NA,NA,NA,NA,NA,NA,NA,NA,NA,NA,NA,NA,NA,NA,NA,NA,NA,NA,NA,NA,NA,NA,NA,NA,NA,NA,NA,NA
36,AUS,Australia,NA,NA,NA,NA,NA,NA,NA,NA,NA,NA,NA,NA,NA,NA,NA,NA,NA,NA,NA,NA,NA,NA,NA,NA,NA,0.928,0.938,0.941,0.941,0.926,0.924,0.925,0.927,0.926,0.929
40,AUT,Austria,NA,NA,NA,NA,NA,1,NA,NA,NA,NA,0.98,NA,NA,0.99,NA,1,1,1,1,1,NA,1,NA,1,NA,1,NA,1,NA,1,NA,1,NA,NA,NA
31,AZE,Azerbaijan,NA,NA,NA,NA,NA,NA,NA,NA,NA,NA,NA,NA,NA,NA,NA,NA,NA,NA,0.131,0.135,0.136,0.136,0.139,0.138,0.141,0.141,0.141,0.144,0.184,0.185,0.189,0.191,0.195,NA,NA
44,BHS,Bahamas,NA,NA,NA,NA,NA,NA,NA,NA,NA,NA,NA,NA,NA,NA,NA,NA,NA,NA,NA,NA,NA,NA,NA,NA,NA,NA,NA,NA,NA,NA,NA,NA,NA,NA,NA
48,BHR,Bahrain,NA,NA,NA,NA,NA,0.58,NA,NA,NA,NA,0.64,0.65,0.66,0.69,0.71,0.74,0.75,0.77,0.79,0.71,0.7,0.67,0.66,0.65,0.77,0.81,0.88,0.87,0.87,0.9,0.88,0.85,0.88,NA,NA
50,BGD,Bangladesh,NA,NA,NA,NA,NA,NA,NA,NA,NA,NA,NA,NA,NA,NA,NA,NA,NA,NA,NA,NA,NA,NA,NA,NA,NA,NA,NA,NA,NA,NA,0.029,NA,NA,NA,NA
52,BRB,Barbados,NA,NA,NA,NA,NA,NA,NA,NA,NA,NA,NA,NA,NA,NA,NA,NA,NA,NA,NA,NA,NA,NA,NA,NA,NA,NA,NA,NA,NA,NA,NA,NA,NA,NA,NA
112,BLR,Belarus,NA,NA,NA,NA,NA,NA,NA,NA,NA,NA,NA,NA,NA,NA,NA,NA,NA,NA,NA,NA,NA,NA,NA,NA,NA,NA,0.718,NA,NA,NA,NA,NA,NA,NA,NA
56,BEL,Belgium,NA,NA,NA,NA,NA,NA,NA,NA,NA,NA,0.4,0.49,0.53,0.55,0.56,0.65,0.69,0.69,0.72,0.73,0.74,0.88,0.97,0.96,0.97,0.96,0.97,0.92,0.93,0.94,0.95,0.95,0.96,NA,NA
84,BLZ,Belize,NA,NA,NA,NA,NA,NA,NA,NA,NA,NA,NA,NA,NA,NA,NA,0.151,NA,NA,NA,NA,NA,NA,NA,NA,NA,0.106,NA,NA,NA,NA,NA,NA,NA,NA,NA
204,BEN,Benin,NA,NA,NA,NA,NA,NA,NA,NA,NA,NA,NA,NA,NA,NA,NA,NA,NA,NA,NA,NA,NA,NA,NA,NA,NA,NA,NA,NA,NA,NA,NA,NA,NA,NA,NA
60,BMU,Bermuda,NA,NA,NA,NA,NA,NA,NA,NA,NA,NA,NA,NA,NA,NA,NA,NA,NA,NA,NA,NA,NA,NA,NA,NA,NA,NA,NA,NA,NA,NA,NA,NA,NA,NA,NA
64,BTN,Bhutan,NA,NA,NA,NA,NA,NA,NA,NA,NA,NA,NA,NA,NA,NA,NA,NA,NA,NA,NA,NA,NA,NA,NA,NA,NA,NA,0.1,NA,NA,NA,NA,NA,NA,NA,NA
68,BOL,Bolivia,NA,NA,NA,NA,NA,NA,NA,NA,NA,NA,NA,NA,NA,NA,NA,NA,NA,NA,NA,NA,NA,NA,NA,NA,NA,NA,0.319,NA,NA,NA,NA,NA,NA,NA,NA
70,BIH,Bosnia and Herzegovina,NA,NA,NA,NA,NA,NA,NA,NA,NA,NA,NA,NA,NA,NA,NA,0.02,0.4,0.4,0.38,0.38,0.38,0.38,0.38,0.34,0.34,0.32,0.32,0.3,0.3,0.3,0.3,0.37,0.37,NA,NA
72,BWA,Botswana,NA,NA,NA,NA,NA,NA,NA,NA,NA,NA,NA,NA,NA,NA,NA,NA,NA,NA,NA,NA,NA,NA,NA,NA,NA,NA,0.19,NA,NA,NA,NA,NA,NA,NA,NA
76,BRA,Brazil,NA,NA,NA,NA,NA,NA,NA,NA,NA,NA,NA,NA,NA,NA,NA,NA,NA,NA,NA,NA,NA,NA,NA,NA,NA,NA,NA,NA,NA,NA,NA,0.7,NA,NA,NA
92,VGB,British Virgin Islands,NA,NA,NA,NA,NA,NA,0.171,NA,NA,NA,NA,NA,NA,NA,NA,NA,0.245,NA,NA,NA,NA,NA,NA,NA,NA,NA,NA,NA,NA,NA,NA,NA,NA,NA,NA
96,BRN,Brunei Darussalam,NA,NA,NA,NA,NA,NA,NA,NA,NA,NA,NA,NA,NA,NA,NA,NA,NA,NA,NA,0.38,NA,NA,NA,NA,NA,NA,0.4,NA,NA,NA,NA,NA,NA,NA,NA
100,BGR,Bulgaria,NA,NA,NA,NA,NA,NA,NA,NA,NA,NA,0.7,NA,NA,NA,NA,0.7,0.7,0.7,0.72,0.72,0.72,0.72,0.73,0.74,0.75,0.77,0.82,0.82,0.82,0.82,0.87,0.87,0.87,NA,NA
854,BFA,Burkina Faso,NA,NA,NA,NA,NA,NA,NA,NA,NA,NA,NA,NA,NA,NA,NA,NA,NA,NA,NA,NA,NA,NA,NA,NA,NA,NA,0.01,NA,NA,NA,NA,NA,NA,NA,NA
108,BDI,Burundi,NA,NA,NA,NA,NA,NA,NA,NA,NA,NA,NA,NA,NA,NA,NA,NA,NA,NA,NA,NA,NA,NA,NA,NA,NA,NA,0.04,0.04,0.045,0.045,0.045,0.045,0.045,NA,NA
132,CPV,Cabo Verde,NA,NA,NA,NA,NA,NA,NA,NA,NA,NA,NA,NA,NA,NA,NA,NA,NA,NA,NA,NA,NA,NA,NA,NA,NA,0.173,NA,0.195,0.207,0.198,0.209,0.245,0.247,NA,NA
116,KHM,Cambodia,NA,NA,NA,NA,NA,NA,NA,NA,NA,NA,NA,NA,NA,NA,NA,NA,NA,NA,NA,NA,NA,NA,NA,NA,NA,NA,0.46,NA,NA,NA,NA,NA,NA,NA,NA
120,CMR,Cameroon,NA,NA,NA,NA,NA,NA,NA,NA,NA,NA,NA,NA,NA,NA,NA,NA,NA,NA,NA,NA,NA,NA,NA,NA,NA,NA,0.02,NA,NA,NA,NA,NA,NA,NA,NA
124,CAN,Canada,NA,NA,NA,NA,NA,NA,0.624,NA,NA,0.675,NA,0.698,NA,NA,0.717,NA,NA,NA,NA,0.872,NA,0.864,NA,NA,0.843,NA,NA,NA,NA,NA,NA,NA,NA,NA,NA
136,CYM,Cayman Islands,NA,NA,NA,NA,NA,NA,NA,NA,NA,NA,NA,NA,NA,NA,NA,NA,NA,NA,NA,NA,NA,NA,NA,NA,NA,NA,NA,NA,NA,NA,NA,NA,NA,NA,NA
140,CAF,Central African Republic,NA,NA,NA,NA,NA,NA,NA,NA,NA,NA,NA,NA,NA,NA,NA,NA,NA,NA,NA,NA,NA,NA,NA,NA,NA,NA,0.01,NA,NA,NA,NA,NA,NA,NA,NA
148,TCD,Chad,NA,NA,NA,NA,NA,NA,NA,NA,NA,NA,NA,NA,NA,NA,NA,NA,NA,NA,NA,NA,NA,NA,NA,NA,NA,NA,0.03,NA,NA,NA,NA,NA,NA,NA,NA
152,CHL,Chile,NA,NA,NA,NA,NA,NA,NA,NA,NA,NA,NA,NA,NA,NA,NA,0.209,0.394,0.422,0.657,0.716,0.733,0.82,0.823,0.826,0.833,0.869,0.906,1,0.999,0.999,0.998,NA,NA,NA,NA
156,CHN,China,NA,NA,NA,NA,NA,NA,NA,NA,NA,NA,NA,NA,NA,NA,NA,NA,0.208,0.243,0.275,0.325,NA,NA,NA,NA,NA,NA,NA,NA,NA,NA,NA,NA,NA,NA,NA
170,COL,Colombia,NA,NA,NA,NA,NA,NA,NA,NA,NA,NA,NA,NA,NA,NA,NA,NA,NA,NA,0.7,0.713,0.727,NA,0.908,0.915,0.897,0.898,NA,0.912,0.912,0.913,0.918,0.923,0.924,NA,NA
174,COM,Comoros,NA,NA,NA,NA,NA,NA,NA,NA,NA,NA,NA,NA,NA,NA,NA,NA,NA,NA,NA,NA,NA,NA,NA,NA,NA,NA,NA,NA,NA,NA,NA,NA,NA,NA,NA
184,COK,Cook Islands,NA,NA,NA,NA,NA,NA,NA,NA,NA,NA,NA,NA,NA,NA,NA,NA,NA,NA,NA,NA,NA,NA,NA,NA,NA,NA,NA,NA,NA,NA,NA,NA,NA,NA,NA
188,CRI,Costa Rica,NA,NA,NA,NA,NA,NA,NA,NA,NA,NA,NA,NA,NA,NA,NA,NA,NA,NA,NA,NA,NA,NA,NA,0.083,0.083,0.083,0.083,0.083,0.083,0.021,0.046,0.077,0.076,NA,NA
384,CIV,Cote d'Ivoire,NA,NA,NA,NA,NA,NA,NA,NA,NA,NA,NA,NA,NA,NA,NA,NA,NA,NA,NA,NA,NA,NA,NA,NA,NA,NA,NA,0.1,NA,NA,NA,NA,NA,NA,NA
191,HRV,Croatia,NA,NA,NA,NA,NA,NA,NA,NA,NA,NA,NA,NA,NA,NA,NA,NA,NA,NA,NA,NA,0.09,0.09,0.22,NA,NA,NA,0.98,0.98,0.98,0.98,0.98,0.98,0.98,NA,NA
192,CUB,Cuba,NA,NA,NA,NA,NA,NA,NA,NA,NA,NA,NA,NA,NA,NA,NA,NA,NA,NA,NA,0.108,0.106,0.104,0.106,0.107,0.105,0.104,0.104,0.105,0.107,0.108,0.108,0.112,0.113,NA,NA
531,CUW,Curacao,NA,NA,NA,NA,NA,NA,NA,NA,NA,NA,NA,NA,NA,NA,NA,NA,NA,NA,NA,NA,NA,NA,NA,NA,NA,NA,NA,NA,NA,NA,NA,NA,NA,NA,NA
196,CYP,Cyprus,NA,NA,NA,NA,NA,NA,NA,1,1,1,1,1,1,1,1,1,1,1,1,1,1,NA,NA,NA,NA,NA,NA,NA,NA,NA,NA,NA,NA,NA,NA
203,CZE,Czech Republic,NA,NA,NA,NA,NA,NA,NA,NA,NA,NA,NA,NA,NA,NA,NA,0.66,0.68,0.72,0.73,0.74,0.75,0.74,0.76,0.78,0.78,0.79,0.81,0.78,0.8,0.8,0.81,0.81,0.82,NA,NA
180,COD,Dem. Rep. Congo,NA,NA,NA,NA,NA,NA,NA,NA,NA,NA,NA,NA,NA,NA,NA,NA,NA,NA,NA,NA,NA,NA,NA,NA,NA,NA,0.04,NA,NA,NA,NA,NA,NA,NA,NA
208,DNK,Denmark,NA,NA,NA,NA,NA,NA,NA,NA,NA,NA,NA,NA,NA,NA,NA,1,NA,NA,NA,NA,NA,NA,NA,NA,1,1,1,1,1,1,NA,NA,NA,NA,NA
262,DJI,Djibouti,NA,NA,NA,NA,NA,NA,NA,NA,NA,NA,NA,NA,NA,NA,NA,NA,NA,NA,NA,NA,NA,NA,NA,NA,NA,NA,0.07,NA,NA,NA,NA,NA,NA,NA,NA
212,DMA,Dominica,NA,NA,NA,NA,NA,NA,NA,NA,NA,NA,NA,NA,NA,NA,NA,NA,NA,NA,NA,NA,0.13,NA,NA,NA,NA,NA,NA,NA,NA,NA,NA,NA,NA,NA,NA
214,DOM,Dominican Republic,NA,NA,NA,NA,NA,NA,NA,NA,NA,NA,NA,NA,NA,NA,NA,NA,NA,NA,NA,NA,0.12,NA,NA,NA,NA,NA,NA,NA,NA,NA,NA,NA,NA,NA,NA
218,ECU,Ecuador,NA,NA,NA,NA,NA,NA,NA,NA,NA,NA,NA,NA,NA,NA,NA,NA,NA,NA,NA,NA,NA,NA,NA,NA,NA,NA,0.673,NA,NA,NA,NA,NA,NA,NA,NA
818,EGY,Egypt,NA,NA,NA,NA,NA,NA,NA,NA,NA,NA,NA,NA,NA,NA,NA,NA,NA,NA,NA,NA,NA,NA,NA,NA,NA,NA,0.74,NA,NA,NA,NA,NA,NA,NA,NA
222,SLV,El Salvador,NA,NA,NA,NA,NA,NA,NA,NA,NA,NA,NA,NA,NA,NA,NA,NA,NA,NA,NA,NA,NA,NA,0.031,0.029,0.028,0.028,0.028,0.028,NA,NA,NA,NA,NA,NA,NA
226,GNQ,Equatorial Guinea,NA,NA,NA,NA,NA,NA,NA,NA,NA,NA,NA,NA,NA,NA,NA,NA,NA,NA,NA,NA,NA,NA,NA,NA,NA,NA,0.25,NA,NA,NA,NA,NA,NA,NA,NA
232,ERI,Eritrea,NA,NA,NA,NA,NA,NA,NA,NA,NA,NA,NA,NA,NA,NA,NA,NA,NA,NA,NA,NA,NA,NA,NA,NA,NA,NA,0.23,NA,NA,NA,NA,NA,NA,NA,NA
233,EST,Estonia,NA,NA,NA,NA,NA,NA,NA,NA,NA,NA,NA,NA,NA,NA,NA,0.7,0.7,0.7,0.73,0.74,0.79,0.79,0.84,0.85,0.85,0.86,0.87,0.87,0.87,0.87,0.88,0.88,0.88,NA,NA
748,SWZ,Eswatini,NA,NA,NA,NA,NA,NA,NA,NA,NA,NA,NA,NA,NA,NA,NA,NA,NA,NA,NA,NA,NA,NA,NA,NA,NA,NA,NA,NA,NA,NA,NA,NA,NA,NA,NA
231,ETH,Ethiopia,NA,NA,NA,NA,NA,NA,NA,NA,NA,NA,NA,NA,NA,NA,NA,NA,NA,NA,NA,NA,NA,NA,NA,NA,NA,NA,0.01,NA,NA,NA,NA,NA,NA,NA,NA
234,FRO,Faeroe Islands,NA,NA,NA,NA,NA,NA,NA,NA,NA,NA,NA,NA,NA,NA,NA,NA,NA,NA,NA,NA,NA,NA,NA,NA,NA,NA,NA,NA,NA,NA,NA,NA,NA,NA,NA
238,FLK,Falkland Islands,NA,NA,NA,NA,NA,NA,NA,NA,NA,NA,NA,NA,NA,NA,NA,NA,NA,NA,NA,NA,NA,NA,NA,NA,NA,NA,NA,NA,NA,NA,NA,NA,NA,NA,NA
242,FJI,Fiji,NA,NA,NA,NA,NA,NA,NA,NA,NA,NA,NA,NA,NA,NA,NA,NA,NA,NA,NA,NA,NA,NA,NA,NA,NA,NA,0.39,NA,NA,NA,NA,NA,NA,NA,NA
246,FIN,Finland,NA,NA,NA,NA,NA,NA,NA,NA,NA,NA,NA,NA,NA,NA,NA,1,1,1,NA,NA,NA,NA,NA,NA,NA,1,1,1,1,1,NA,NA,NA,NA,NA
250,FRA,France,NA,NA,NA,NA,NA,NA,NA,NA,NA,NA,NA,NA,NA,NA,NA,NA,0.96,NA,NA,0.96,NA,NA,NA,NA,NA,1,1,1,1,0.98,1,1,1,NA,NA
258,PYF,French Polynesia,NA,NA,NA,NA,NA,NA,NA,NA,NA,NA,NA,NA,NA,NA,NA,NA,NA,NA,NA,NA,0.05,NA,NA,NA,NA,NA,NA,NA,0.08,NA,NA,NA,NA,NA,NA
266,GAB,Gabon,NA,NA,NA,NA,NA,NA,NA,NA,NA,NA,NA,NA,NA,NA,NA,NA,NA,NA,NA,NA,NA,NA,NA,NA,NA,NA,0.06,NA,NA,NA,NA,NA,NA,NA,NA
270,GMB,Gambia,NA,NA,NA,NA,NA,NA,NA,NA,NA,NA,NA,NA,NA,NA,NA,NA,NA,NA,NA,NA,NA,NA,NA,NA,NA,NA,NA,NA,NA,NA,NA,NA,NA,NA,NA
268,GEO,Georgia,NA,NA,NA,NA,NA,NA,NA,NA,NA,NA,NA,NA,NA,NA,NA,NA,NA,NA,NA,NA,NA,NA,NA,NA,NA,NA,0.8,NA,NA,NA,NA,NA,NA,NA,NA
276,DEU,Germany,NA,NA,NA,NA,NA,NA,0.871,NA,NA,NA,0.89,NA,NA,NA,NA,NA,0.97,NA,NA,0.98,0.97,NA,1,NA,NA,1,1,1,1,1,1,1,NA,NA,NA
288,GHA,Ghana,NA,NA,NA,NA,NA,NA,NA,NA,NA,NA,NA,NA,NA,NA,NA,0.7,NA,NA,NA,NA,NA,NA,NA,NA,NA,NA,NA,NA,0.1,NA,NA,NA,NA,NA,NA
300,GRC,Greece,NA,NA,NA,NA,NA,NA,NA,NA,NA,NA,NA,NA,NA,NA,NA,NA,NA,NA,NA,NA,NA,NA,0.85,NA,0.873,0.873,0.881,NA,0.928,0.928,NA,NA,NA,NA,NA
304,GRL,Greenland,NA,NA,NA,NA,NA,NA,NA,NA,NA,NA,NA,NA,NA,NA,NA,NA,NA,NA,NA,NA,NA,NA,NA,NA,NA,NA,NA,NA,NA,NA,NA,NA,NA,NA,NA
308,GRD,Grenada,NA,NA,NA,NA,NA,NA,NA,NA,NA,NA,NA,NA,NA,NA,NA,NA,NA,NA,NA,NA,NA,NA,NA,NA,NA,NA,NA,NA,NA,NA,NA,NA,NA,NA,NA
320,GTM,Guatemala,NA,NA,NA,NA,NA,NA,NA,NA,NA,NA,NA,NA,NA,NA,NA,NA,NA,NA,NA,NA,NA,NA,NA,NA,NA,NA,0.34,NA,NA,NA,NA,NA,NA,NA,NA
831,GGY,Guernsey,NA,NA,NA,NA,NA,NA,NA,NA,NA,NA,NA,NA,NA,NA,NA,NA,NA,NA,NA,NA,NA,NA,NA,NA,NA,NA,NA,NA,NA,NA,NA,NA,NA,NA,NA
324,GIN,Guinea,NA,NA,NA,NA,NA,NA,NA,NA,NA,NA,NA,NA,NA,NA,NA,NA,NA,NA,NA,NA,0.1,0.1,0.1,0.11,0.11,NA,NA,NA,NA,NA,NA,NA,NA,NA,NA
624,GNB,Guinea-Bissau,NA,NA,NA,NA,NA,NA,NA,NA,NA,NA,NA,NA,NA,NA,NA,NA,NA,NA,NA,NA,NA,NA,NA,NA,NA,NA,0.13,NA,NA,NA,NA,NA,NA,NA,NA
328,GUY,Guyana,NA,NA,NA,NA,NA,0,NA,NA,NA,NA,0,NA,NA,NA,NA,0,0,0,0,0,0,0,0,0,0,NA,NA,NA,NA,NA,NA,NA,0,NA,NA
332,HTI,Haiti,NA,NA,NA,NA,NA,NA,NA,NA,NA,NA,NA,NA,NA,NA,NA,NA,NA,NA,NA,NA,NA,NA,NA,NA,NA,NA,NA,NA,NA,NA,NA,NA,NA,NA,NA
336,VAT,Holy See,NA,NA,NA,NA,NA,NA,NA,NA,NA,NA,NA,NA,NA,NA,NA,NA,NA,NA,NA,NA,NA,NA,NA,NA,NA,NA,NA,NA,NA,NA,NA,NA,NA,NA,NA
340,HND,Honduras,NA,NA,NA,NA,NA,NA,NA,NA,NA,NA,NA,NA,NA,NA,NA,NA,NA,NA,NA,NA,NA,NA,NA,NA,NA,NA,0.63,NA,NA,NA,NA,NA,NA,NA,NA
344,HKG,Hong Kong,NA,NA,NA,NA,NA,NA,NA,NA,NA,NA,NA,NA,NA,NA,NA,NA,NA,NA,NA,NA,NA,NA,NA,NA,NA,NA,NA,NA,1,NA,NA,NA,NA,NA,NA
348,HUN,Hungary,NA,NA,NA,NA,NA,0.39,NA,0.353,0.393,0.399,0.39,0.402,0.415,0.43,0.459,0.64,0.66,0.66,0.7,0.72,0.61,0.63,0.66,0.68,0.69,0.72,0.72,0.73,0.73,0.74,0.77,0.78,0.79,NA,NA
352,ISL,Iceland,NA,NA,NA,NA,NA,0.06,0.06,0.06,0.06,0.1,0.1,0.1,0.1,0.14,0.22,0.39,0.39,0.56,0.56,0.56,0.96,NA,NA,1,NA,0.73,NA,NA,NA,NA,NA,NA,NA,NA,NA
356,IND,India,NA,NA,NA,NA,NA,NA,NA,NA,NA,NA,NA,NA,NA,NA,NA,NA,NA,NA,NA,NA,NA,NA,NA,NA,NA,NA,0.117,NA,NA,NA,NA,NA,NA,NA,NA
360,IDN,Indonesia,NA,NA,NA,NA,NA,NA,NA,NA,NA,NA,NA,NA,NA,NA,NA,NA,NA,NA,NA,NA,NA,NA,NA,NA,NA,NA,0.02,NA,NA,NA,NA,NA,NA,NA,NA
364,IRN,Iran,NA,NA,NA,NA,NA,NA,NA,NA,NA,NA,NA,NA,NA,NA,NA,NA,NA,NA,NA,NA,NA,NA,NA,NA,NA,NA,0.373,NA,NA,NA,NA,NA,NA,NA,NA
368,IRQ,Iraq,NA,NA,NA,NA,NA,NA,NA,NA,NA,NA,NA,NA,NA,NA,NA,NA,NA,NA,NA,NA,NA,NA,NA,NA,NA,0.07,NA,NA,NA,0.204,0.271,0.333,0.291,NA,NA
372,IRL,Ireland,NA,NA,NA,NA,NA,NA,NA,NA,NA,NA,NA,NA,NA,NA,NA,NA,NA,NA,NA,NA,NA,NA,NA,NA,NA,NA,0.96,0.93,0.93,0.93,0.94,0.94,0.94,NA,NA
833,IMN,Isle of Man,NA,NA,NA,NA,NA,NA,NA,NA,NA,NA,NA,NA,NA,NA,NA,NA,NA,NA,NA,NA,NA,NA,NA,NA,NA,NA,NA,NA,NA,NA,NA,NA,NA,NA,NA
376,ISR,Israel,NA,NA,NA,NA,NA,0.767,NA,NA,NA,NA,0.795,NA,NA,NA,NA,0.866,0.88,0.893,0.907,0.921,0.929,0.935,0.941,0.945,0.95,0.955,0.96,0.963,0.966,0.967,0.968,NA,NA,NA,NA
380,ITA,Italy,NA,NA,NA,NA,NA,NA,NA,NA,NA,NA,NA,NA,NA,NA,NA,NA,NA,NA,NA,NA,0.565,NA,NA,NA,NA,NA,NA,0.608,NA,NA,0.625,NA,NA,NA,NA
388,JAM,Jamaica,NA,NA,NA,NA,NA,NA,NA,NA,NA,NA,NA,NA,NA,NA,NA,NA,NA,NA,NA,NA,NA,NA,NA,NA,NA,NA,0.3,NA,NA,NA,NA,NA,NA,NA,NA
392,JPN,Japan,NA,NA,NA,NA,NA,0.44,NA,NA,NA,NA,0.54,NA,NA,NA,NA,0.62,0.64,0.65,0.67,0.681,0.693,0.71,0.717,0.727,0.737,0.751,0.758,0.763,0.77,0.776,0.778,NA,NA,NA,NA
832,JEY,Jersey,NA,NA,NA,NA,NA,NA,NA,NA,NA,NA,NA,NA,NA,NA,NA,NA,NA,NA,NA,NA,NA,NA,NA,NA,NA,NA,NA,NA,NA,NA,NA,NA,NA,NA,NA
400,JOR,Jordan,NA,NA,NA,NA,NA,NA,NA,NA,NA,NA,NA,NA,NA,NA,NA,NA,NA,NA,NA,NA,0.59,0.6,0.62,0.63,0.63,0.65,0.67,0.597,0.597,0.597,0.621,0.621,0.621,NA,NA
398,KAZ,Kazakhstan,NA,NA,NA,NA,NA,NA,NA,NA,NA,NA,NA,NA,NA,NA,NA,NA,NA,NA,NA,NA,NA,0.54,0.46,0.52,0.52,0.52,0.6,0.6,0.6,0.63,0.57,0.58,0.55,NA,NA
404,KEN,Kenya,NA,NA,NA,NA,NA,NA,NA,NA,NA,NA,NA,NA,NA,NA,NA,NA,NA,NA,NA,NA,NA,NA,NA,NA,NA,NA,NA,NA,NA,0.034,0.075,0.106,NA,NA,NA
296,KIR,Kiribati,NA,NA,NA,NA,NA,NA,NA,NA,NA,NA,NA,NA,NA,NA,NA,NA,NA,NA,NA,NA,NA,NA,NA,NA,NA,NA,NA,NA,NA,NA,NA,NA,NA,NA,NA
689,XKX,Kosovo,NA,NA,NA,NA,NA,NA,NA,NA,NA,NA,NA,NA,NA,NA,NA,NA,NA,NA,NA,NA,NA,NA,NA,NA,NA,NA,NA,NA,NA,NA,NA,NA,NA,0,NA
414,KWT,Kuwait,NA,NA,NA,NA,NA,NA,NA,NA,NA,NA,NA,NA,NA,NA,NA,1,1,1,1,1,1,1,1,1,1,1,1,1,1,1,1,1,1,NA,NA
417,KGZ,Kyrgyzstan,NA,NA,NA,NA,NA,NA,NA,NA,NA,NA,NA,NA,NA,NA,NA,NA,NA,NA,NA,NA,NA,NA,NA,NA,NA,NA,NA,NA,NA,NA,NA,NA,NA,NA,NA
418,LAO,Laos,NA,NA,NA,NA,NA,NA,NA,NA,NA,NA,NA,NA,NA,NA,NA,NA,NA,NA,NA,NA,NA,NA,NA,NA,NA,NA,0.07,NA,NA,NA,NA,NA,NA,NA,NA
428,LVA,Latvia,NA,NA,NA,NA,NA,NA,NA,NA,NA,NA,NA,NA,NA,NA,NA,NA,NA,0.67,0.72,0.68,0.68,0.67,1,1,1,1,1,1,1,1,1,1,1,NA,NA
422,LBN,Lebanon,NA,NA,NA,NA,NA,NA,NA,NA,NA,NA,NA,NA,NA,NA,NA,NA,NA,NA,NA,NA,NA,NA,NA,NA,NA,NA,0.47,NA,NA,NA,NA,NA,NA,NA,NA
426,LSO,Lesotho,NA,NA,NA,NA,NA,NA,NA,NA,NA,NA,NA,NA,NA,NA,NA,NA,NA,NA,NA,NA,NA,NA,NA,NA,NA,NA,0.06,NA,NA,NA,NA,NA,NA,NA,NA
430,LBR,Liberia,NA,NA,NA,NA,NA,NA,NA,NA,NA,NA,NA,NA,NA,NA,NA,NA,NA,NA,NA,NA,NA,NA,NA,NA,NA,NA,0.08,NA,NA,NA,NA,NA,NA,NA,NA
434,LBY,Libya,NA,NA,NA,NA,NA,NA,NA,NA,NA,NA,NA,NA,NA,NA,NA,NA,NA,NA,NA,NA,NA,NA,NA,NA,NA,NA,0.48,NA,NA,NA,NA,NA,NA,NA,NA
438,LIE,Liechtenstein,NA,NA,NA,NA,NA,NA,NA,NA,NA,NA,NA,NA,NA,NA,NA,NA,NA,NA,NA,NA,NA,NA,NA,NA,NA,NA,NA,NA,NA,NA,0.987,0.987,0.987,NA,NA
440,LTU,Lithuania,NA,NA,NA,NA,NA,NA,NA,NA,NA,NA,NA,NA,NA,NA,NA,NA,NA,NA,NA,NA,NA,NA,NA,NA,NA,NA,NA,0.74,0.74,0.75,0.77,0.77,0.78,NA,NA
442,LUX,Luxembourg,NA,NA,NA,NA,NA,NA,NA,NA,NA,1,1,NA,NA,NA,1,NA,NA,NA,1,NA,NA,NA,NA,NA,NA,0.99,1,1,1,0.98,0.98,0.98,NA,NA,NA
446,MAC,Macao,NA,NA,NA,NA,NA,NA,NA,NA,NA,NA,NA,NA,NA,NA,NA,NA,NA,NA,NA,NA,NA,NA,NA,NA,NA,NA,NA,NA,NA,NA,NA,NA,NA,NA,NA
450,MDG,Madagascar,NA,NA,NA,NA,NA,0,NA,NA,NA,NA,0,NA,NA,NA,0,0,0,0,0,0,0,NA,NA,NA,NA,NA,NA,NA,NA,NA,NA,NA,NA,NA,NA
454,MWI,Malawi,NA,NA,NA,NA,NA,NA,NA,NA,NA,NA,NA,NA,NA,NA,NA,NA,NA,NA,NA,NA,NA,NA,NA,NA,NA,NA,0.01,NA,NA,NA,NA,NA,NA,NA,NA
458,MYS,Malaysia,NA,NA,NA,NA,NA,NA,NA,NA,NA,NA,NA,NA,NA,NA,NA,NA,NA,NA,NA,NA,NA,NA,0.603,0.635,0.675,0.683,0.685,0.701,0.713,0.733,0.754,0.784,0.788,NA,NA
462,MDV,Maldives,NA,NA,NA,NA,NA,NA,NA,NA,NA,NA,NA,NA,NA,NA,NA,NA,0.35,0.35,0.35,0.35,0.35,0.35,0.35,0.38,0.41,0.47,0.5,0.5,NA,NA,NA,NA,NA,NA,NA
466,MLI,Mali,NA,NA,NA,NA,NA,NA,NA,NA,NA,NA,NA,NA,NA,NA,NA,NA,NA,NA,NA,NA,NA,NA,NA,NA,0.1,NA,NA,NA,0.2,NA,0.2,NA,NA,NA,NA
470,MLT,Malta,NA,NA,NA,NA,NA,NA,NA,NA,NA,NA,0.13,0.13,0.13,0.13,0.13,0.16,0.16,0.18,0.18,0.15,0.15,0.11,0.1,0.16,0.23,0.21,1,1,1,1,1,1,1,NA,NA
584,MHL,Marshall Islands,NA,NA,NA,NA,NA,0,NA,NA,NA,NA,0,0,0,0,0,0,0,0,0,0,0,0,0,NA,NA,NA,NA,NA,NA,NA,NA,NA,NA,NA,NA
478,MRT,Mauritania,NA,NA,NA,NA,NA,NA,NA,NA,NA,NA,NA,NA,NA,NA,NA,NA,NA,NA,NA,NA,NA,NA,NA,NA,NA,NA,0.02,NA,NA,NA,NA,NA,NA,NA,NA
480,MUS,Mauritius,NA,NA,NA,NA,NA,0.1,NA,NA,NA,NA,0.1,0.1,0.1,0.1,0.15,0.2,NA,NA,NA,NA,NA,NA,0.19,0.194,0.195,0.201,0.21,0.222,0.23,0.24,0.25,0.271,0.275,NA,NA
484,MEX,Mexico,NA,NA,NA,NA,NA,NA,NA,NA,0.218,NA,NA,NA,NA,NA,NA,0.229,0.252,0.277,0.297,0.315,0.35,0.361,0.383,0.402,0.421,0.448,0.465,0.475,0.502,NA,NA,NA,NA,NA,NA
583,FSM,Micronesia,NA,NA,NA,NA,NA,NA,NA,NA,NA,NA,NA,NA,NA,NA,NA,NA,NA,NA,NA,NA,NA,NA,NA,NA,NA,NA,NA,NA,NA,NA,NA,NA,NA,NA,NA
498,MDA,Moldova,NA,NA,NA,NA,NA,NA,NA,NA,NA,NA,NA,NA,NA,NA,0.53,0.54,NA,NA,NA,NA,NA,NA,NA,NA,NA,NA,NA,NA,NA,NA,NA,NA,NA,NA,NA
492,MCO,Monaco,NA,NA,NA,NA,NA,1,NA,NA,NA,NA,1,1,1,1,1,1,1,1,1,1,1,1,1,1,1,1,1,1,1,1,1,1,1,NA,NA
496,MNG,Mongolia,NA,NA,NA,NA,NA,NA,NA,NA,NA,NA,NA,NA,NA,NA,NA,NA,NA,NA,NA,NA,NA,NA,NA,NA,NA,NA,0.33,NA,NA,NA,NA,NA,NA,NA,NA
499,MNE,Montenegro,NA,NA,NA,NA,NA,NA,NA,NA,NA,NA,NA,NA,NA,NA,NA,NA,NA,NA,NA,NA,0.1,0.11,0.15,0.17,0.18,0.18,0.18,0.18,NA,NA,NA,NA,NA,NA,NA
504,MAR,Morocco,NA,NA,NA,NA,NA,NA,NA,NA,NA,NA,NA,NA,NA,NA,NA,NA,NA,NA,NA,NA,NA,NA,NA,NA,NA,NA,0.54,NA,NA,NA,NA,NA,NA,NA,NA
508,MOZ,Mozambique,NA,NA,NA,NA,NA,NA,NA,NA,NA,NA,NA,NA,NA,NA,NA,NA,NA,NA,NA,NA,NA,NA,NA,NA,NA,NA,NA,NA,NA,NA,NA,NA,NA,NA,NA
104,MMR,Myanmar,NA,NA,NA,NA,NA,NA,NA,NA,NA,NA,NA,NA,NA,NA,NA,NA,NA,NA,NA,NA,NA,NA,NA,NA,NA,NA,0.06,NA,NA,NA,NA,NA,NA,NA,NA
516,NAM,Namibia,NA,NA,NA,NA,NA,NA,NA,NA,NA,NA,NA,NA,NA,NA,NA,NA,NA,NA,NA,NA,NA,NA,NA,NA,NA,NA,0.2,NA,NA,NA,NA,NA,NA,NA,NA
520,NRU,Nauru,NA,NA,NA,NA,NA,NA,NA,NA,NA,NA,NA,NA,NA,NA,NA,NA,NA,NA,NA,NA,NA,NA,NA,NA,NA,NA,NA,NA,NA,NA,NA,NA,NA,NA,NA
524,NPL,Nepal,NA,NA,NA,NA,NA,NA,NA,NA,NA,NA,NA,NA,NA,NA,NA,NA,NA,NA,NA,NA,NA,NA,NA,NA,NA,NA,0.17,NA,NA,NA,NA,NA,NA,NA,NA
528,NLD,Netherlands,NA,NA,NA,NA,NA,0.98,0.98,0.98,0.99,0.99,0.99,0.99,1,1,1,1,1,1,1,1,1,1,NA,1,NA,1,1,1,1,1,1,1,1,NA,NA
540,NCL,New Caledonia,NA,NA,NA,NA,NA,NA,NA,NA,NA,NA,NA,NA,NA,NA,NA,NA,NA,NA,NA,NA,NA,NA,NA,NA,NA,NA,NA,NA,NA,NA,NA,NA,NA,NA,NA
554,NZL,New Zealand,NA,NA,NA,NA,NA,0.8,NA,NA,NA,NA,0.8,0.8,0.8,0.8,0.8,0.808,0.805,0.805,0.808,0.811,0.813,0.815,0.816,0.817,0.817,0.818,0.82,0.82,0.82,0.82,0.841,NA,NA,NA,NA
558,NIC,Nicaragua,NA,NA,NA,NA,NA,NA,NA,NA,NA,NA,NA,NA,NA,NA,NA,NA,NA,NA,NA,NA,NA,NA,NA,NA,NA,NA,0.4,NA,NA,NA,NA,NA,NA,NA,NA
562,NER,Niger,NA,NA,NA,NA,NA,NA,NA,NA,NA,NA,NA,NA,NA,NA,NA,NA,NA,NA,NA,NA,NA,NA,NA,NA,NA,NA,0.04,NA,NA,NA,NA,NA,NA,NA,NA
566,NGA,Nigeria,NA,NA,NA,NA,NA,NA,NA,NA,NA,NA,NA,NA,NA,NA,NA,NA,NA,NA,NA,NA,NA,NA,NA,NA,NA,NA,0.077,NA,NA,NA,NA,NA,NA,NA,NA
570,NIU,Niue,NA,NA,NA,NA,NA,NA,NA,NA,NA,NA,NA,NA,NA,NA,NA,NA,NA,NA,NA,NA,NA,NA,NA,NA,NA,NA,NA,NA,NA,NA,NA,NA,NA,NA,NA
408,PRK,North Korea,NA,NA,NA,NA,NA,NA,NA,NA,NA,NA,NA,NA,NA,NA,NA,NA,NA,NA,NA,NA,NA,NA,NA,NA,NA,NA,0.09,NA,NA,NA,NA,NA,NA,NA,NA
807,MKD,North Macedonia,NA,NA,NA,NA,NA,0.05,NA,NA,NA,NA,0.05,NA,NA,NA,0.05,0.05,0.06,0.06,0.06,0.06,0.065,0.07,0.07,0.07,NA,NA,NA,NA,NA,NA,NA,NA,NA,NA,NA
578,NOR,Norway,NA,NA,NA,NA,NA,0.8,NA,NA,0.86,0.86,0.87,0.87,0.9,0.93,0.93,0.94,0.93,0.92,0.94,0.94,0.96,0.96,0.96,0.96,0.96,0.97,0.98,0.98,0.98,0.98,0.99,0.99,0.99,NA,NA
512,OMN,Oman,NA,NA,NA,NA,NA,NA,NA,NA,NA,NA,NA,NA,NA,NA,NA,NA,NA,NA,NA,NA,NA,NA,NA,NA,NA,NA,0.67,NA,NA,NA,NA,NA,NA,NA,NA
586,PAK,Pakistan,NA,NA,NA,NA,NA,NA,NA,NA,NA,NA,NA,NA,NA,NA,NA,NA,NA,NA,NA,NA,NA,NA,NA,NA,NA,NA,0.1,NA,NA,NA,NA,NA,NA,NA,NA
585,PLW,Palau,NA,NA,NA,NA,NA,NA,NA,NA,NA,NA,0.4,NA,NA,NA,NA,NA,NA,NA,NA,NA,NA,NA,NA,NA,NA,NA,NA,NA,NA,NA,NA,NA,NA,NA,NA
591,PAN,Panama,NA,NA,NA,NA,NA,NA,NA,NA,NA,NA,NA,NA,NA,NA,NA,0.3,0.31,0.33,0.34,0.36,0.46,0.48,0.55,NA,NA,NA,NA,NA,NA,NA,NA,NA,NA,NA,NA
598,PNG,Papua New Guinea,NA,NA,NA,NA,NA,NA,NA,NA,NA,NA,NA,NA,NA,NA,NA,NA,NA,NA,NA,NA,NA,NA,NA,NA,NA,NA,0.1,NA,NA,NA,NA,NA,NA,NA,NA
600,PRY,Paraguay,NA,NA,NA,NA,NA,NA,NA,NA,NA,NA,NA,NA,NA,NA,NA,NA,NA,NA,NA,NA,NA,NA,NA,NA,NA,NA,0.147,NA,NA,NA,NA,NA,NA,NA,NA
604,PER,Peru,NA,NA,NA,NA,NA,NA,NA,NA,NA,NA,NA,NA,NA,NA,NA,NA,NA,NA,NA,NA,NA,NA,NA,NA,NA,NA,0.61,NA,NA,NA,NA,NA,NA,NA,NA
608,PHL,Philippines,NA,NA,NA,NA,NA,NA,NA,NA,NA,NA,NA,NA,NA,NA,NA,NA,NA,NA,NA,NA,NA,NA,NA,NA,NA,NA,0.041,NA,NA,NA,NA,NA,NA,NA,NA
616,POL,Poland,NA,NA,NA,NA,NA,NA,NA,NA,NA,NA,NA,NA,NA,NA,NA,0.54,0.55,0.82,0.84,0.84,0.86,0.87,0.88,0.63,0.89,0.9,0.91,0.94,0.95,0.94,0.94,0.95,0.95,NA,NA
620,PRT,Portugal,NA,NA,NA,NA,NA,NA,NA,NA,NA,NA,NA,NA,NA,NA,NA,NA,NA,NA,NA,NA,0.79,NA,NA,NA,NA,NA,NA,NA,NA,NA,NA,NA,0.85,NA,NA
634,QAT,Qatar,NA,NA,NA,NA,NA,NA,NA,NA,NA,NA,NA,NA,NA,NA,NA,NA,NA,NA,NA,NA,NA,NA,NA,NA,NA,NA,0.8,NA,NA,NA,NA,NA,NA,NA,NA
178,COG,Republic of Congo,NA,NA,NA,NA,NA,NA,NA,NA,NA,NA,NA,NA,NA,NA,NA,NA,NA,NA,NA,NA,NA,NA,NA,NA,NA,NA,NA,NA,NA,NA,NA,NA,NA,NA,NA
642,ROU,Romania,NA,NA,NA,NA,NA,NA,NA,NA,NA,NA,NA,NA,NA,NA,NA,NA,NA,NA,NA,0.28,0.29,0.31,0.32,0.32,0.32,0.34,0.42,0.45,0.46,0.47,0.48,0.5,0.52,NA,NA
643,RUS,Russia,NA,NA,NA,NA,NA,NA,NA,NA,NA,NA,NA,NA,NA,NA,NA,NA,NA,NA,NA,NA,NA,NA,NA,NA,NA,NA,0.74,NA,NA,NA,NA,NA,NA,NA,NA
646,RWA,Rwanda,NA,NA,NA,NA,NA,NA,NA,NA,NA,NA,NA,NA,NA,NA,NA,NA,NA,NA,NA,NA,NA,NA,NA,NA,NA,NA,0.1,NA,NA,NA,NA,NA,NA,NA,NA
652,BLM,Saint Barthelemy,NA,NA,NA,NA,NA,NA,NA,NA,NA,NA,NA,NA,NA,NA,NA,NA,NA,NA,NA,NA,NA,NA,NA,NA,NA,NA,NA,NA,NA,NA,NA,NA,NA,NA,NA
659,KNA,Saint Kitts and Nevis,NA,NA,NA,NA,NA,NA,NA,NA,NA,NA,NA,NA,NA,NA,NA,NA,0.05,0.05,0.05,0.05,0.05,0.05,0.05,0.05,0.05,0.05,0.05,0.05,NA,NA,NA,NA,NA,NA,NA
662,LCA,Saint Lucia,NA,NA,NA,NA,NA,NA,NA,NA,NA,NA,NA,NA,NA,NA,NA,NA,NA,NA,NA,NA,NA,NA,NA,NA,NA,NA,NA,NA,NA,NA,NA,NA,NA,NA,NA
670,VCT,Saint Vincent and the Grenadines,NA,NA,NA,NA,NA,NA,NA,NA,NA,NA,NA,NA,NA,NA,NA,NA,NA,NA,NA,NA,NA,NA,NA,NA,NA,NA,NA,NA,NA,NA,NA,NA,NA,NA,NA
882,WSM,Samoa,NA,NA,NA,NA,NA,NA,NA,NA,NA,NA,NA,NA,NA,NA,NA,NA,NA,NA,NA,NA,NA,NA,NA,NA,NA,NA,NA,NA,NA,NA,NA,NA,NA,NA,NA
674,SMR,San Marino,NA,NA,NA,NA,NA,NA,NA,NA,NA,NA,NA,NA,NA,NA,NA,NA,NA,NA,NA,NA,NA,NA,NA,NA,NA,NA,NA,NA,NA,NA,NA,NA,NA,NA,NA
678,STP,Sao Tome and Principe,NA,NA,NA,NA,NA,NA,NA,NA,NA,NA,NA,NA,NA,NA,NA,NA,NA,NA,NA,NA,NA,NA,NA,NA,NA,NA,NA,NA,NA,NA,NA,NA,NA,NA,NA
682,SAU,Saudi Arabia,NA,NA,NA,NA,NA,NA,NA,NA,NA,NA,NA,NA,NA,NA,NA,NA,NA,0.33,0.35,0.37,0.38,0.41,0.44,0.44,0.45,0.46,0.513,0.553,0.569,0.612,0.601,0.598,0.614,NA,NA
686,SEN,Senegal,NA,NA,NA,NA,NA,NA,NA,NA,NA,NA,NA,NA,NA,NA,NA,NA,NA,NA,NA,NA,NA,NA,NA,NA,NA,NA,0.1,NA,NA,NA,NA,NA,NA,NA,NA
688,SRB,Serbia,NA,NA,NA,NA,NA,NA,NA,NA,NA,NA,NA,NA,NA,NA,NA,0.056,0.059,0.063,0.068,0.072,0.079,0.085,0.079,0.08,0.092,0.094,0.097,0.099,0.104,0.112,0.118,NA,NA,NA,NA
690,SYC,Seychelles,NA,NA,NA,NA,NA,NA,NA,NA,NA,NA,NA,NA,NA,NA,NA,NA,NA,NA,NA,NA,NA,NA,NA,NA,NA,NA,NA,NA,NA,NA,NA,NA,NA,NA,NA
694,SLE,Sierra Leone,NA,NA,NA,NA,NA,NA,NA,NA,NA,NA,NA,NA,NA,NA,NA,NA,NA,NA,NA,NA,NA,NA,NA,NA,NA,NA,0.02,NA,NA,NA,NA,NA,NA,NA,NA
702,SGP,Singapore,NA,NA,NA,NA,NA,0.975,NA,NA,NA,NA,0.99,0.99,0.99,0.99,0.99,0.99,0.99,0.99,0.999,0.999,0.999,0.999,0.999,1,1,1,1,1,1,1,1,NA,NA,NA,NA
534,SXM,Sint Maarten,NA,NA,NA,NA,NA,NA,NA,NA,NA,NA,NA,NA,NA,NA,NA,NA,NA,NA,NA,NA,NA,NA,NA,NA,NA,NA,NA,NA,NA,NA,NA,NA,NA,NA,NA
703,SVK,Slovakia,NA,NA,NA,NA,NA,NA,NA,NA,NA,NA,NA,NA,NA,NA,NA,0.547,NA,NA,NA,NA,0.571,NA,NA,NA,NA,0.604,0.616,0.624,0.636,0.647,0.652,0.664,0.677,0.684,0.687
705,SVN,Slovenia,NA,NA,NA,NA,NA,NA,NA,NA,NA,NA,NA,NA,NA,NA,NA,0.71,0.72,0.73,0.75,0.84,0.85,0.86,0.88,0.88,0.89,0.87,0.9,0.89,0.9,0.9,0.92,0.92,0.96,NA,NA
90,SLB,Solomon Islands,NA,NA,NA,NA,NA,NA,NA,NA,NA,NA,NA,NA,NA,NA,NA,NA,NA,NA,NA,NA,NA,NA,0.3,NA,NA,NA,NA,NA,NA,NA,NA,NA,NA,NA,NA
706,SOM,Somalia,NA,NA,NA,NA,NA,NA,NA,NA,NA,NA,NA,NA,NA,NA,NA,NA,NA,NA,NA,NA,NA,NA,NA,NA,NA,NA,NA,NA,NA,NA,NA,NA,NA,NA,NA
710,ZAF,South Africa,NA,NA,NA,NA,NA,NA,NA,NA,NA,NA,0.39,0.39,0.41,0.43,0.45,0.46,0.48,0.5,0.5,0.52,0.54,0.55,0.57,NA,NA,NA,0.57,NA,NA,NA,NA,NA,NA,NA,NA
410,KOR,South Korea,NA,NA,NA,NA,NA,0.329,NA,NA,0.413,0.42,0.452,0.526,0.609,0.659,0.684,0.705,0.732,0.758,0.788,0.814,0.835,0.855,0.871,0.886,0.894,0.901,0.909,0.916,0.921,0.918,NA,NA,NA,NA,NA
728,SSD,South Sudan,NA,NA,NA,NA,NA,NA,NA,NA,NA,NA,NA,NA,NA,NA,NA,NA,NA,NA,NA,NA,NA,NA,NA,NA,NA,NA,NA,NA,NA,NA,NA,NA,NA,NA,NA
724,ESP,Spain,NA,NA,NA,NA,NA,NA,NA,NA,NA,NA,NA,NA,NA,NA,NA,NA,NA,NA,NA,NA,NA,0.94,NA,0.94,NA,0.98,NA,0.99,NA,0.98,NA,NA,NA,NA,NA
144,LKA,Sri Lanka,NA,NA,NA,NA,NA,NA,NA,NA,NA,NA,NA,NA,NA,NA,NA,NA,NA,NA,NA,NA,NA,NA,NA,NA,NA,NA,0.025,NA,NA,NA,NA,NA,NA,NA,NA
275,PSE,State of Palestine,NA,NA,NA,NA,NA,NA,NA,NA,NA,NA,NA,NA,NA,NA,NA,NA,NA,NA,NA,NA,NA,NA,NA,NA,NA,NA,NA,NA,NA,NA,NA,NA,NA,NA,NA
729,SDN,Sudan,NA,NA,NA,NA,NA,NA,NA,NA,NA,NA,NA,NA,NA,NA,NA,NA,NA,NA,NA,NA,NA,NA,NA,NA,NA,NA,0.01,NA,NA,NA,NA,NA,NA,NA,NA
740,SUR,Suriname,NA,NA,NA,NA,NA,NA,NA,NA,NA,NA,NA,NA,NA,NA,NA,NA,NA,NA,NA,NA,NA,NA,NA,NA,NA,NA,NA,NA,NA,NA,NA,NA,NA,NA,NA
752,SWE,Sweden,NA,NA,NA,NA,NA,0.86,0.94,0.95,NA,NA,0.93,NA,NA,NA,0.99,0.99,0.99,0.99,1,1,1,1,1,1,1,1,1,1,1,1,1,1,1,NA,NA
756,CHE,Switzerland,NA,NA,NA,NA,NA,NA,NA,NA,NA,NA,NA,NA,NA,NA,NA,0.98,0.99,0.99,NA,NA,0.99,NA,NA,NA,NA,1,NA,NA,1,NA,NA,NA,NA,NA,NA
760,SYR,Syria,NA,NA,NA,NA,NA,NA,NA,NA,NA,NA,NA,NA,NA,NA,NA,NA,NA,NA,NA,NA,NA,NA,NA,NA,NA,NA,0.96,NA,NA,NA,NA,NA,NA,NA,NA
158,TWN,Taiwan,NA,NA,NA,NA,NA,NA,NA,NA,NA,NA,NA,NA,NA,0.1,0.1,0.1,0.2,0.2,0.2,0.2,0.2,0.3,0.3,0.3,0.4,0.4,0.4,NA,NA,NA,NA,NA,NA,NA,NA
762,TJK,Tajikistan,NA,NA,NA,NA,NA,NA,NA,NA,NA,NA,NA,NA,NA,NA,NA,NA,NA,NA,NA,NA,NA,NA,NA,NA,NA,NA,0.45,NA,NA,NA,NA,NA,NA,NA,NA
834,TZA,Tanzania,NA,NA,NA,NA,NA,NA,NA,NA,NA,NA,NA,NA,NA,NA,NA,NA,NA,NA,NA,NA,NA,NA,NA,NA,NA,NA,0.18,NA,NA,NA,NA,NA,NA,NA,NA
764,THA,Thailand,NA,NA,NA,NA,NA,NA,NA,NA,NA,NA,NA,NA,NA,NA,NA,NA,NA,NA,NA,NA,NA,NA,NA,NA,NA,NA,0.09,NA,NA,NA,NA,NA,NA,NA,NA
626,TLS,Timor-Leste,NA,NA,NA,NA,NA,NA,NA,NA,NA,NA,NA,NA,NA,NA,NA,NA,NA,NA,0.1,NA,NA,NA,NA,NA,NA,NA,NA,NA,NA,NA,NA,NA,NA,NA,NA
768,TGO,Togo,NA,NA,NA,NA,NA,NA,NA,NA,NA,NA,NA,NA,NA,NA,NA,NA,NA,NA,NA,NA,NA,NA,NA,NA,NA,NA,0,NA,NA,NA,NA,NA,NA,NA,NA
776,TON,Tonga,NA,NA,NA,NA,NA,NA,NA,NA,NA,NA,NA,NA,NA,NA,NA,NA,NA,NA,NA,NA,NA,NA,NA,NA,NA,NA,NA,NA,NA,NA,NA,NA,NA,NA,NA
780,TTO,Trinidad and Tobago,NA,NA,NA,NA,NA,NA,NA,NA,NA,NA,NA,NA,NA,NA,NA,NA,0.2,0.2,0.2,0.3,0.2,0.252,0.252,NA,NA,NA,NA,NA,NA,NA,NA,0.252,NA,NA,NA
788,TUN,Tunisia,NA,NA,NA,NA,NA,0.091,NA,NA,NA,NA,0.2,NA,NA,NA,0.341,0.367,0.387,0.419,0.449,0.468,0.484,0.512,0.518,0.525,0.535,0.538,NA,NA,NA,NA,NA,NA,NA,NA,NA
792,TUR,Turkey,NA,NA,NA,NA,NA,NA,NA,NA,NA,0.096,0.09,0.104,0.144,0.166,0.226,0.26,0.27,0.27,0.3,0.36,0.42,0.43,0.46,0.46,0.5,0.52,NA,0.58,0.64,0.64,0.7,0.71,NA,NA,NA
795,TKM,Turkmenistan,NA,NA,NA,NA,NA,NA,NA,NA,NA,NA,NA,NA,NA,NA,NA,NA,NA,NA,NA,NA,NA,NA,NA,NA,NA,NA,0.49,NA,NA,NA,NA,NA,NA,NA,NA
796,TCA,Turks and Caicos Islands,NA,NA,NA,NA,NA,NA,NA,NA,NA,NA,NA,NA,NA,NA,NA,NA,NA,NA,NA,NA,NA,NA,NA,NA,NA,NA,NA,NA,NA,NA,NA,NA,NA,NA,NA
798,TUV,Tuvalu,NA,NA,NA,NA,NA,NA,NA,NA,NA,NA,NA,NA,NA,NA,NA,NA,NA,NA,NA,NA,NA,NA,NA,NA,NA,NA,NA,NA,NA,NA,NA,NA,NA,NA,NA
800,UGA,Uganda,NA,NA,NA,NA,NA,NA,NA,NA,NA,NA,NA,NA,NA,NA,NA,NA,NA,NA,NA,NA,NA,NA,NA,NA,NA,NA,0.06,NA,NA,NA,NA,NA,NA,NA,NA
804,UKR,Ukraine,NA,NA,NA,NA,NA,NA,NA,NA,NA,NA,NA,NA,NA,NA,NA,NA,NA,NA,NA,NA,NA,NA,NA,NA,NA,NA,0.651,NA,NA,NA,NA,NA,NA,NA,NA
784,ARE,United Arab Emirates,NA,NA,NA,NA,NA,NA,NA,NA,NA,NA,NA,NA,NA,NA,NA,NA,NA,NA,NA,NA,NA,NA,0.783,NA,NA,NA,NA,NA,NA,NA,NA,NA,0.939,NA,NA
826,GBR,United Kingdom,NA,NA,NA,NA,NA,NA,NA,NA,NA,NA,NA,NA,NA,NA,NA,0.98,1,1,1,1,1,NA,NA,0.97,0.97,1,NA,NA,NA,NA,NA,NA,NA,NA,NA
840,USA,United States of America,NA,NA,NA,NA,NA,NA,NA,0.7,NA,NA,NA,0.718,NA,NA,NA,0.754,NA,0.754,NA,0.749,NA,NA,NA,0.737,NA,NA,NA,0.755,NA,NA,NA,NA,NA,NA,NA
858,URY,Uruguay,NA,NA,NA,NA,NA,NA,NA,NA,NA,NA,NA,NA,NA,NA,NA,NA,NA,NA,NA,NA,NA,NA,NA,NA,NA,NA,0.43,NA,NA,NA,NA,NA,NA,NA,NA
860,UZB,Uzbekistan,NA,NA,NA,NA,NA,NA,NA,NA,NA,NA,NA,NA,NA,NA,NA,NA,NA,NA,NA,NA,NA,NA,NA,NA,NA,NA,0.39,NA,NA,NA,NA,NA,NA,NA,NA
548,VUT,Vanuatu,NA,NA,NA,NA,NA,NA,NA,NA,NA,NA,NA,NA,NA,NA,NA,NA,NA,NA,NA,NA,NA,NA,NA,NA,NA,NA,NA,NA,NA,NA,NA,NA,NA,NA,NA
862,VEN,Venezuela,NA,NA,NA,NA,NA,NA,NA,NA,NA,NA,NA,NA,NA,NA,NA,0.202,0.206,0.209,0.211,0.213,0.217,0.219,0.22,0.223,0.238,NA,NA,NA,NA,NA,NA,NA,NA,NA,NA
704,VNM,Viet Nam,NA,NA,NA,NA,NA,NA,NA,NA,NA,NA,NA,NA,NA,NA,NA,NA,NA,NA,NA,NA,NA,NA,NA,NA,NA,NA,0.03,NA,NA,NA,NA,NA,NA,NA,NA
876,WLF,Wallis and Futuna Islands,NA,NA,NA,NA,NA,NA,NA,NA,NA,NA,NA,NA,NA,NA,NA,NA,NA,NA,NA,NA,NA,NA,NA,NA,NA,NA,NA,NA,NA,NA,NA,NA,NA,NA,NA
732,ESH,Western Sahara,NA,NA,NA,NA,NA,NA,NA,NA,NA,NA,NA,NA,NA,NA,NA,NA,NA,NA,NA,NA,NA,NA,NA,NA,NA,NA,NA,NA,NA,NA,NA,NA,NA,NA,NA
887,YEM,Yemen,NA,NA,NA,NA,NA,NA,NA,NA,NA,NA,NA,NA,NA,NA,0.033,NA,NA,NA,NA,NA,NA,NA,NA,NA,NA,NA,NA,NA,NA,NA,NA,NA,NA,NA,NA
894,ZMB,Zambia,NA,NA,NA,NA,NA,NA,NA,NA,NA,NA,NA,NA,NA,NA,NA,NA,NA,NA,NA,NA,NA,NA,NA,NA,NA,NA,0.3,NA,NA,NA,NA,NA,NA,NA,NA
716,ZWE,Zimbabwe,NA,NA,NA,NA,NA,NA,NA,NA,NA,NA,NA,NA,NA,NA,NA,NA,NA,NA,NA,NA,NA,NA,NA,NA,NA,NA,NA,0.672,0.724,0.77,0.759,0.679,0.69,NA,NA